[
	{
		"name":"udp",
		"time": 300,
		"description":"Udp Flood",
		"permission":[],
		"api":[
			"http://link.one?host=<<$host>>&port=<<$port>>&time=<<$time>>&method=test",
			"http://link.two?host=<<$host>>&port=<<$port>>&time=<<$time>>&method=test",
			"http://link.three?host=<<$host>>&port=<<$port>>&time=<<$time>>&method=test"
		]
	},
	{
		"name":"tcp",
		"time": 300,
		"description":"tcp Flood",
		"permission":["vip"],
		"api":[
			"http://link.one?host=<<$host>>&port=<<$port>>&time=<<$time>>&method=test",
			"http://link.two?host=<<$host>>&port=<<$port>>&time=<<$time>>&method=test",
			"http://link.three?host=<<$host>>&port=<<$port>>&time=<<$time>>&method=test"
		]
	},
	{
		"name":"ldap",
		"time": 300,
		"description":"ldap amplification Flood",
		"permission":["vip","admin"],
		"api":[
			"http://link.one?host=<<$host>>&port=<<$port>>&time=<<$time>>&method=test",
			"http://link.two?host=<<$host>>&port=<<$port>>&time=<<$time>>&method=test",
			"http://link.three?host=<<$host>>&port=<<$port>>&time=<<$time>>&method=test"
		]
	}
]
